[{"name":"Title","nick":"title","type":"TEXT","size":0,"find":"a0","req":1,"search":1,"hide":0,"vocdb":"","vocab":0,"dc":"title","admin":0,"readonly":0},{"name":"Volume","nick":"titlea","type":"TEXT","size":0,"find":"i0","req":0,"search":1,"hide":0,"vocdb":"","vocab":0,"dc":"titlea","admin":0,"readonly":0},{"name":"Meeting","nick":"subjec","type":"TEXT","size":0,"find":"i1","req":0,"search":1,"hide":0,"vocdb":"","vocab":0,"dc":"titlea","admin":0,"readonly":0},{"name":"Board Members Present","nick":"descri","type":"TEXT","size":0,"find":"b0","req":0,"search":1,"hide":0,"vocdb":"","vocab":0,"dc":"descri","admin":0,"readonly":0},{"name":"Board Members Absent","nick":"creato","type":"TEXT","size":0,"find":"b1","req":0,"search":1,"hide":0,"vocdb":"","vocab":0,"dc":"descri","admin":0,"readonly":0},{"name":"Summary","nick":"publis","type":"TEXT","size":1,"find":"i4","req":0,"search":1,"hide":0,"vocdb":"","vocab":0,"dc":"describ","admin":0,"readonly":0},{"name":"Keywords","nick":"contri","type":"TEXT","size":0,"find":"b2","req":0,"search":1,"hide":0,"vocdb":"","vocab":0,"dc":"descri","admin":0,"readonly":0},{"name":"Date","nick":"date","type":"DATE","size":0,"find":"d0","req":0,"search":1,"hide":0,"vocdb":"","vocab":0,"dc":"date","admin":0,"readonly":0},{"name":"Page Date","nick":"pagea","type":"DATE","size":0,"find":"BLANK","req":0,"search":0,"hide":0,"vocdb":"","vocab":0,"dc":"date","admin":0,"readonly":0},{"name":"Page Number(s)","nick":"page","type":"TEXT","size":0,"find":"b3","req":0,"search":1,"hide":0,"vocdb":"","vocab":0,"dc":"descri","admin":0,"readonly":0},{"name":"Notes","nick":"notes","type":"TEXT","size":0,"find":"f6","req":0,"search":1,"hide":0,"vocdb":"","vocab":0,"dc":"descri","admin":0,"readonly":0},{"name":"Contact Information","nick":"contac","type":"TEXT","size":0,"find":"BLANK","req":0,"search":0,"hide":0,"vocdb":"","vocab":0,"dc":"BLANK","admin":0,"readonly":0},{"name":"Rights","nick":"rights","type":"TEXT","size":0,"find":"BLANK","req":0,"search":0,"hide":0,"vocdb":"","vocab":0,"dc":"rights","admin":0,"readonly":0},{"name":"Type","nick":"type","type":"TEXT","size":0,"find":"BLANK","req":0,"search":0,"hide":1,"vocdb":"","vocab":0,"dc":"type","admin":0,"readonly":0},{"name":"Format","nick":"format","type":"TEXT","size":0,"find":"BLANK","req":0,"search":0,"hide":1,"vocdb":"","vocab":0,"dc":"format","admin":0,"readonly":0},{"name":"Identifier","nick":"identi","type":"TEXT","size":0,"find":"BLANK","req":0,"search":0,"hide":1,"vocdb":"","vocab":0,"dc":"identi","admin":0,"readonly":0},{"name":"Source","nick":"source","type":"TEXT","size":0,"find":"BLANK","req":0,"search":0,"hide":0,"vocdb":"","vocab":0,"dc":"source","admin":0,"readonly":0},{"name":"Language","nick":"langua","type":"TEXT","size":0,"find":"BLANK","req":0,"search":0,"hide":1,"vocdb":"","vocab":0,"dc":"langua","admin":0,"readonly":0},{"name":"Relation","nick":"relati","type":"TEXT","size":0,"find":"BLANK","req":0,"search":0,"hide":1,"vocdb":"","vocab":0,"dc":"relati","admin":0,"readonly":0},{"name":"Cataloged By","nick":"catalo","type":"TEXT","size":0,"find":"BLANK","req":0,"search":0,"hide":1,"vocdb":"","vocab":0,"dc":"BLANK","admin":0,"readonly":0},{"name":"Cataloged Date","nick":"catala","type":"TEXT","size":0,"find":"BLANK","req":0,"search":0,"hide":1,"vocdb":"","vocab":0,"dc":"BLANK","admin":0,"readonly":0},{"name":"Digitized By","nick":"digiti","type":"TEXT","size":0,"find":"BLANK","req":0,"search":0,"hide":1,"vocdb":"","vocab":0,"dc":"BLANK","admin":0,"readonly":0},{"name":"Digitized Date","nick":"datea","type":"DATE","size":0,"find":"BLANK","req":0,"search":0,"hide":1,"vocdb":"","vocab":0,"dc":"BLANK","admin":0,"readonly":0},{"name":"Creator","nick":"creata","type":"TEXT","size":0,"find":"b5","req":0,"search":1,"hide":1,"vocdb":"","vocab":0,"dc":"creato","admin":0,"readonly":0},{"name":"Subject","nick":"subjea","type":"TEXT","size":0,"find":"a5","req":0,"search":1,"hide":1,"vocdb":"","vocab":0,"dc":"subjec","admin":0,"readonly":0},{"name":"Publisher","nick":"publia","type":"TEXT","size":0,"find":"BLANK","req":0,"search":0,"hide":1,"vocdb":"","vocab":0,"dc":"publis","admin":0,"readonly":0},{"name":"Coverage-Spatial","nick":"covera","type":"TEXT","size":0,"find":"m6","req":0,"search":1,"hide":1,"vocdb":"","vocab":0,"dc":"coveraa","admin":0,"readonly":0},{"name":"Coverage-Temporal","nick":"coverb","type":"TEXT","size":0,"find":"m8","req":0,"search":1,"hide":1,"vocdb":"","vocab":0,"dc":"coverab","admin":0,"readonly":0},{"name":"OriginalOrder","nick":"origin","type":"TEXT","size":0,"find":"BLANK","req":0,"search":0,"hide":1,"vocdb":"","vocab":0,"dc":"BLANK","admin":0,"readonly":0},{"name":"FileID","nick":"fileid","type":"TEXT","size":0,"find":"f9","req":0,"search":1,"hide":1,"vocdb":"","vocab":0,"dc":"BLANK","admin":0,"readonly":0},{"name":"Object File Name","nick":"audien","type":"TEXT","size":0,"find":"BLANK","req":0,"search":0,"hide":1,"vocdb":"","vocab":0,"dc":"BLANK","admin":0,"readonly":0},{"name":"Image Resolution (archival)","nick":"image","type":"TEXT","size":0,"find":"BLANK","req":0,"search":0,"hide":1,"vocdb":"","vocab":0,"dc":"BLANK","admin":0,"readonly":0},{"name":"Image Bit Depth (archival)","nick":"imagea","type":"TEXT","size":0,"find":"BLANK","req":0,"search":0,"hide":1,"vocdb":"","vocab":0,"dc":"BLANK","admin":0,"readonly":0},{"name":"Color Mode (archival)","nick":"color","type":"TEXT","size":0,"find":"BLANK","req":0,"search":0,"hide":1,"vocdb":"","vocab":0,"dc":"BLANK","admin":0,"readonly":0},{"name":"File Size (archival)","nick":"file","type":"TEXT","size":0,"find":"BLANK","req":0,"search":0,"hide":1,"vocdb":"","vocab":0,"dc":"BLANK","admin":0,"readonly":0},{"name":"Hardware\/Software (archival)","nick":"hardwa","type":"TEXT","size":0,"find":"BLANK","req":0,"search":0,"hide":1,"vocdb":"","vocab":0,"dc":"BLANK","admin":0,"readonly":0},{"name":"Archival file","nick":"fullrs","type":"FULLRES","size":0,"find":"BLANK","req":0,"search":0,"hide":1,"vocab":0,"vocdb":"","dc":"BLANK","admin":1,"readonly":0},{"name":"OCLC number","nick":"dmoclcno","type":"TEXT","size":0,"find":"BLANK","req":0,"search":0,"hide":1,"vocab":0,"vocdb":"","dc":"BLANK","admin":1,"readonly":0},{"name":"Date created","nick":"dmcreated","type":"DATE","size":0,"find":"BLANK","req":1,"search":0,"hide":1,"vocab":0,"vocdb":"","dc":"BLANK","admin":1,"readonly":1},{"name":"Date modified","nick":"dmmodified","type":"DATE","size":0,"find":"BLANK","req":1,"search":0,"hide":1,"vocab":0,"vocdb":"","dc":"BLANK","admin":1,"readonly":1},{"name":"CONTENTdm number","nick":"dmrecord","type":"TEXT","size":0,"find":"BLANK","req":1,"search":0,"hide":1,"vocab":0,"vocdb":"","dc":"BLANK","admin":1,"readonly":1},{"name":"CONTENTdm file name","nick":"find","type":"TEXT","size":0,"find":"BLANK","req":1,"search":0,"hide":1,"vocab":0,"vocdb":"","dc":"BLANK","admin":1,"readonly":1}]