[{"name":"Common name (on plate)","nick":"title","type":"TEXT","size":0,"find":"a0","req":1,"search":1,"hide":0,"vocdb":"","vocab":0,"dc":"title","admin":0,"readonly":0},{"name":"Notes","nick":"notes","type":"TEXT","size":0,"find":"BLANK","req":0,"search":0,"hide":0,"vocdb":"","vocab":0,"dc":"BLANK","admin":0,"readonly":0},{"name":"Current common name","nick":"currea","type":"TEXT","size":0,"find":"f9","req":0,"search":1,"hide":0,"vocdb":"","vocab":0,"dc":"BLANK","admin":0,"readonly":0},{"name":"Scientific name (on plate)","nick":"subjec","type":"TEXT","size":0,"find":"a1","req":0,"search":1,"hide":0,"vocdb":"","vocab":0,"dc":"title","admin":0,"readonly":0},{"name":"Current scientific name","nick":"descri","type":"TEXT","size":1,"find":"a2","req":0,"search":1,"hide":0,"vocdb":"","vocab":0,"dc":"title","admin":0,"readonly":0},{"name":"Common name of plant","nick":"common","type":"TEXT","size":0,"find":"a3","req":0,"search":1,"hide":0,"vocdb":"","vocab":0,"dc":"title","admin":0,"readonly":0},{"name":"Scientific name of plant","nick":"scient","type":"TEXT","size":0,"find":"e7","req":0,"search":1,"hide":0,"vocdb":"","vocab":0,"dc":"title","admin":0,"readonly":0},{"name":"Current scientific plant name","nick":"curren","type":"TEXT","size":0,"find":"e8","req":0,"search":1,"hide":0,"vocdb":"","vocab":0,"dc":"title","admin":0,"readonly":0},{"name":"Artist","nick":"creato","type":"TEXT","size":0,"find":"b5","req":0,"search":1,"hide":0,"vocdb":"","vocab":1,"dc":"creato","admin":0,"readonly":0},{"name":"Date drawn","nick":"date","type":"TEXT","size":0,"find":"d0","req":0,"search":1,"hide":0,"vocdb":"","vocab":0,"dc":"date","admin":0,"readonly":0},{"name":"Publication Date","nick":"public","type":"TEXT","size":0,"find":"d1","req":0,"search":1,"hide":0,"vocdb":"","vocab":0,"dc":"date","admin":0,"readonly":0},{"name":"Plate number","nick":"plate","type":"TEXT","size":0,"find":"BLANK","req":0,"search":0,"hide":0,"vocdb":"","vocab":0,"dc":"descri","admin":0,"readonly":0},{"name":"Part number","nick":"part","type":"TEXT","size":0,"find":"BLANK","req":0,"search":0,"hide":0,"vocdb":"","vocab":0,"dc":"descri","admin":0,"readonly":0},{"name":"Printer (publisher)","nick":"publis","type":"TEXT","size":0,"find":"c0","req":0,"search":1,"hide":0,"vocdb":"","vocab":0,"dc":"publis","admin":0,"readonly":0},{"name":"Engraver\/lithographer","nick":"engrav","type":"TEXT","size":0,"find":"c1","req":0,"search":1,"hide":0,"vocdb":"","vocab":0,"dc":"publis","admin":0,"readonly":0},{"name":"Donated by","nick":"contri","type":"TEXT","size":0,"find":"BLANK","req":0,"search":0,"hide":0,"vocdb":"","vocab":0,"dc":"contri","admin":0,"readonly":0},{"name":"Physical description","nick":"type","type":"TEXT","size":0,"find":"b0","req":0,"search":1,"hide":0,"vocdb":"","vocab":0,"dc":"descri","admin":0,"readonly":0},{"name":"Original Format","nick":"format","type":"TEXT","size":0,"find":"e0","req":0,"search":1,"hide":0,"vocdb":"","vocab":0,"dc":"format","admin":0,"readonly":0},{"name":"Subjects","nick":"subjea","type":"FTS","size":1,"find":"a5","req":0,"search":1,"hide":0,"vocdb":"","vocab":1,"dc":"subjec","admin":0,"readonly":0},{"name":"Author of notes","nick":"author","type":"TEXT","size":0,"find":"g4","req":0,"search":1,"hide":0,"vocdb":"","vocab":0,"dc":"BLANK","admin":0,"readonly":0},{"name":"Language","nick":"langua","type":"TEXT","size":0,"find":"BLANK","req":0,"search":0,"hide":0,"vocdb":"","vocab":0,"dc":"langua","admin":0,"readonly":0},{"name":"Location of bird drawn","nick":"locati","type":"TEXT","size":0,"find":"g8","req":0,"search":1,"hide":0,"vocdb":"","vocab":0,"dc":"BLANK","admin":0,"readonly":0},{"name":"Bibliographic Information","nick":"biblio","type":"TEXT","size":0,"find":"BLANK","req":0,"search":0,"hide":0,"vocdb":"","vocab":0,"dc":"BLANK","admin":0,"readonly":0},{"name":"Digital Collection","nick":"digita","type":"TEXT","size":0,"find":"BLANK","req":0,"search":0,"hide":0,"vocdb":"","vocab":0,"dc":"relati","admin":0,"readonly":0},{"name":"Repository","nick":"reposi","type":"TEXT","size":0,"find":"BLANK","req":0,"search":0,"hide":0,"vocdb":"","vocab":0,"dc":"source","admin":0,"readonly":0},{"name":"Repository Collection","nick":"reposa","type":"TEXT","size":0,"find":"f0","req":0,"search":1,"hide":0,"vocdb":"","vocab":0,"dc":"source","admin":0,"readonly":0},{"name":"Collection Information","nick":"more","type":"TEXT","size":0,"find":"BLANK","req":0,"search":0,"hide":0,"vocdb":"","vocab":0,"dc":"BLANK","admin":0,"readonly":0},{"name":"Digital reproduction information","nick":"digitb","type":"TEXT","size":0,"find":"BLANK","req":0,"search":0,"hide":0,"vocdb":"","vocab":0,"dc":"format","admin":0,"readonly":0},{"name":"Restrictions","nick":"restri","type":"TEXT","size":0,"find":"BLANK","req":0,"search":0,"hide":0,"vocdb":"","vocab":0,"dc":"rights","admin":0,"readonly":0},{"name":"Cite As","nick":"cite","type":"TEXT","size":0,"find":"BLANK","req":0,"search":0,"hide":0,"vocdb":"","vocab":0,"dc":"source","admin":0,"readonly":0},{"name":"Contact and Ordering Information","nick":"to","type":"TEXT","size":1,"find":"BLANK","req":0,"search":0,"hide":0,"vocdb":"","vocab":0,"dc":"BLANK","admin":0,"readonly":0},{"name":"Item number","nick":"itea","type":"TEXT","size":0,"find":"BLANK","req":0,"search":0,"hide":0,"vocdb":"","vocab":0,"dc":"BLANK","admin":0,"readonly":0},{"name":"Accession number","nick":"access","type":"TEXT","size":0,"find":"BLANK","req":0,"search":0,"hide":0,"vocdb":"","vocab":0,"dc":"BLANK","admin":0,"readonly":0},{"name":"Item URL","nick":"item","type":"TEXT","size":0,"find":"BLANK","req":0,"search":0,"hide":0,"vocdb":"","vocab":0,"dc":"identi","admin":0,"readonly":0},{"name":"Collection URL","nick":"collec","type":"TEXT","size":0,"find":"BLANK","req":0,"search":0,"hide":0,"vocdb":"","vocab":0,"dc":"relati","admin":0,"readonly":0},{"name":"Cataloger","nick":"catalo","type":"TEXT","size":0,"find":"BLANK","req":0,"search":0,"hide":1,"vocdb":"","vocab":0,"dc":"BLANK","admin":0,"readonly":0},{"name":"Cataloged date","nick":"catala","type":"TEXT","size":0,"find":"BLANK","req":0,"search":0,"hide":1,"vocdb":"","vocab":0,"dc":"BLANK","admin":0,"readonly":0},{"name":"Type","nick":"typea","type":"TEXT","size":0,"find":"d5","req":0,"search":1,"hide":1,"vocdb":"","vocab":0,"dc":"type","admin":0,"readonly":0},{"name":"General Type","nick":"genera","type":"TEXT","size":0,"find":"d6","req":0,"search":1,"hide":1,"vocdb":"","vocab":0,"dc":"type","admin":0,"readonly":0},{"name":"Full resolution","nick":"fullrs","type":"FULLRES","size":0,"find":"","req":0,"search":0,"hide":1,"vocab":0,"vocdb":"","dc":"","admin":1,"readonly":0},{"name":"OCLC number","nick":"dmoclcno","type":"TEXT","size":0,"find":"","req":0,"search":0,"hide":1,"vocab":0,"vocdb":"","dc":"","admin":1,"readonly":0},{"name":"Date created","nick":"dmcreated","type":"DATE","size":0,"find":"","req":1,"search":0,"hide":1,"vocab":0,"vocdb":"","dc":"","admin":1,"readonly":1},{"name":"Date modified","nick":"dmmodified","type":"DATE","size":0,"find":"","req":1,"search":0,"hide":1,"vocab":0,"vocdb":"","dc":"","admin":1,"readonly":1},{"name":"CONTENTdm number","nick":"dmrecord","type":"TEXT","size":0,"find":"","req":1,"search":0,"hide":1,"vocab":0,"vocdb":"","dc":"","admin":1,"readonly":1},{"name":"CONTENTdm file name","nick":"find","type":"TEXT","size":0,"find":"","req":1,"search":0,"hide":1,"vocab":0,"vocdb":"","dc":"","admin":1,"readonly":1}]