[{"name":"LISTEN TO AUDIO","nick":"stream","type":"TEXT","size":0,"find":"g8","req":0,"search":1,"hide":0,"vocdb":"","vocab":0,"dc":"BLANK","admin":0,"readonly":0},{"name":"Title","nick":"title","type":"TEXT","size":0,"find":"a0","req":1,"search":1,"hide":0,"vocdb":"","vocab":0,"dc":"title","admin":0,"readonly":0},{"name":"Interviewee","nick":"interv","type":"TEXT","size":0,"find":"b5","req":0,"search":1,"hide":0,"vocdb":"","vocab":0,"dc":"creato","admin":0,"readonly":0},{"name":"Date(s) of interview","nick":"dates","type":"TEXT","size":0,"find":"d0","req":0,"search":1,"hide":0,"vocdb":"","vocab":0,"dc":"date","admin":0,"readonly":0},{"name":"Listen to Interview","nick":"listen","type":"TEXT","size":0,"find":"BLANK","req":0,"search":0,"hide":0,"vocdb":"","vocab":0,"dc":"BLANK","admin":0,"readonly":0},{"name":"Interviewer","nick":"intera","type":"TEXT","size":0,"find":"b6","req":0,"search":1,"hide":0,"vocdb":"","vocab":0,"dc":"creato","admin":0,"readonly":0},{"name":"Summary","nick":"summar","type":"TEXT","size":1,"find":"b0","req":0,"search":1,"hide":0,"vocdb":"","vocab":0,"dc":"descri","admin":0,"readonly":0},{"name":"Abstract","nick":"abstra","type":"TEXT","size":1,"find":"i4","req":0,"search":1,"hide":0,"vocdb":"","vocab":0,"dc":"describ","admin":0,"readonly":0},{"name":"Biographical Information","nick":"biogra","type":"TEXT","size":1,"find":"f9","req":0,"search":1,"hide":0,"vocdb":"","vocab":0,"dc":"BLANK","admin":0,"readonly":0},{"name":"Read Transcript","nick":"read","type":"TEXT","size":0,"find":"BLANK","req":0,"search":0,"hide":0,"vocdb":"","vocab":0,"dc":"BLANK","admin":0,"readonly":0},{"name":"Subjects","nick":"subjec","type":"TEXT","size":1,"find":"a5","req":0,"search":1,"hide":0,"vocdb":"","vocab":1,"dc":"subjec","admin":0,"readonly":0},{"name":"Original Format","nick":"physic","type":"TEXT","size":0,"find":"BLANK","req":0,"search":0,"hide":0,"vocdb":"","vocab":0,"dc":"format","admin":0,"readonly":0},{"name":"Digital Format","nick":"origin","type":"TEXT","size":0,"find":"BLANK","req":0,"search":0,"hide":0,"vocdb":"","vocab":0,"dc":"BLANK","admin":0,"readonly":0},{"name":"Call number\/Tape number","nick":"call","type":"TEXT","size":0,"find":"g4","req":0,"search":1,"hide":1,"vocdb":"","vocab":0,"dc":"BLANK","admin":0,"readonly":0},{"name":"Digital Collection","nick":"digita","type":"TEXT","size":0,"find":"l2","req":0,"search":1,"hide":0,"vocdb":"","vocab":0,"dc":"relatig","admin":0,"readonly":0},{"name":"Repository","nick":"reposi","type":"TEXT","size":0,"find":"BLANK","req":0,"search":0,"hide":0,"vocdb":"","vocab":1,"dc":"source","admin":0,"readonly":0},{"name":"Repository Collection","nick":"reposa","type":"TEXT","size":0,"find":"f0","req":0,"search":1,"hide":0,"vocdb":"","vocab":0,"dc":"source","admin":0,"readonly":0},{"name":"Identifier","nick":"itea","type":"TEXT","size":0,"find":"BLANK","req":0,"search":0,"hide":0,"vocdb":"","vocab":0,"dc":"identi","admin":0,"readonly":0},{"name":"Digital reproduction information","nick":"digitb","type":"TEXT","size":0,"find":"BLANK","req":0,"search":0,"hide":0,"vocdb":"","vocab":0,"dc":"format","admin":0,"readonly":0},{"name":"Date Digitized","nick":"data","type":"TEXT","size":0,"find":"BLANK","req":0,"search":0,"hide":0,"vocdb":"","vocab":0,"dc":"BLANK","admin":0,"readonly":0},{"name":"Cite as","nick":"cite","type":"TEXT","size":1,"find":"BLANK","req":0,"search":0,"hide":0,"vocdb":"","vocab":0,"dc":"source","admin":0,"readonly":0},{"name":"Restrictions","nick":"restri","type":"TEXT","size":0,"find":"BLANK","req":0,"search":0,"hide":0,"vocdb":"","vocab":0,"dc":"rights","admin":0,"readonly":0},{"name":"Format","nick":"format","type":"TEXT","size":0,"find":"e0","req":0,"search":1,"hide":0,"vocdb":"","vocab":0,"dc":"format","admin":0,"readonly":0},{"name":"Cataloged date","nick":"catala","type":"TEXT","size":0,"find":"BLANK","req":0,"search":0,"hide":1,"vocdb":"","vocab":0,"dc":"BLANK","admin":0,"readonly":0},{"name":"Contact and Ordering Information","nick":"to","type":"TEXT","size":1,"find":"BLANK","req":0,"search":0,"hide":0,"vocdb":"","vocab":0,"dc":"BLANK","admin":0,"readonly":0},{"name":"Cataloger","nick":"catalo","type":"TEXT","size":0,"find":"BLANK","req":0,"search":0,"hide":1,"vocdb":"","vocab":0,"dc":"BLANK","admin":0,"readonly":0},{"name":"Item URL","nick":"iteb","type":"TEXT","size":0,"find":"BLANK","req":0,"search":0,"hide":0,"vocdb":"","vocab":0,"dc":"identi","admin":0,"readonly":0},{"name":"LaCour Series URL","nick":"collec","type":"TEXT","size":0,"find":"BLANK","req":0,"search":0,"hide":0,"vocdb":"","vocab":0,"dc":"relati","admin":0,"readonly":0},{"name":"Collection URL","nick":"digitc","type":"TEXT","size":0,"find":"BLANK","req":0,"search":0,"hide":0,"vocdb":"","vocab":0,"dc":"relati","admin":0,"readonly":0},{"name":"Type","nick":"type","type":"TEXT","size":0,"find":"d5","req":0,"search":1,"hide":1,"vocdb":"","vocab":0,"dc":"type","admin":0,"readonly":0},{"name":"Full resolution","nick":"fullrs","type":"FULLRES","size":0,"find":"","req":0,"search":0,"hide":1,"vocab":0,"vocdb":"","dc":"","admin":1,"readonly":0},{"name":"OCLC number","nick":"dmoclcno","type":"TEXT","size":0,"find":"","req":0,"search":0,"hide":1,"vocab":0,"vocdb":"","dc":"","admin":1,"readonly":0},{"name":"Date created","nick":"dmcreated","type":"DATE","size":0,"find":"","req":1,"search":0,"hide":1,"vocab":0,"vocdb":"","dc":"","admin":1,"readonly":1},{"name":"Date modified","nick":"dmmodified","type":"DATE","size":0,"find":"","req":1,"search":0,"hide":1,"vocab":0,"vocdb":"","dc":"","admin":1,"readonly":1},{"name":"CONTENTdm number","nick":"dmrecord","type":"TEXT","size":0,"find":"","req":1,"search":0,"hide":1,"vocab":0,"vocdb":"","dc":"","admin":1,"readonly":1},{"name":"CONTENTdm file name","nick":"find","type":"TEXT","size":0,"find":"","req":1,"search":0,"hide":1,"vocab":0,"vocdb":"","dc":"","admin":1,"readonly":1}]