[{"name":"Title","nick":"title","type":"TEXT","size":0,"find":"a0","req":1,"search":1,"hide":0,"vocdb":"","vocab":0,"dc":"title","admin":0,"readonly":0},{"name":"Creator","nick":"creato","type":"TEXT","size":0,"find":"b5","req":0,"search":1,"hide":0,"vocdb":"","vocab":1,"dc":"creato","admin":0,"readonly":0},{"name":"Subject","nick":"subjec","type":"TEXT","size":0,"find":"a5","req":0,"search":1,"hide":0,"vocdb":"","vocab":1,"dc":"subjec","admin":0,"readonly":0},{"name":"Description","nick":"descri","type":"TEXT","size":1,"find":"b0","req":0,"search":1,"hide":0,"vocdb":"","vocab":1,"dc":"descri","admin":0,"readonly":0},{"name":"Publisher","nick":"publis","type":"TEXT","size":0,"find":"c0","req":0,"search":1,"hide":0,"vocdb":"","vocab":1,"dc":"publis","admin":0,"readonly":0},{"name":"Date","nick":"date","type":"TEXT","size":0,"find":"d0","req":0,"search":1,"hide":0,"vocdb":"","vocab":0,"dc":"date","admin":0,"readonly":0},{"name":"Type","nick":"type","type":"TEXT","size":0,"find":"BLANK","req":0,"search":0,"hide":0,"vocdb":"","vocab":0,"dc":"type","admin":0,"readonly":0},{"name":"Format","nick":"format","type":"TEXT","size":0,"find":"BLANK","req":0,"search":0,"hide":0,"vocdb":"","vocab":0,"dc":"format","admin":0,"readonly":0},{"name":"Identifier","nick":"identi","type":"TEXT","size":0,"find":"e5","req":0,"search":1,"hide":0,"vocdb":"","vocab":1,"dc":"identi","admin":0,"readonly":0},{"name":"Repository","nick":"source","type":"TEXT","size":0,"find":"f0","req":0,"search":1,"hide":0,"vocdb":"","vocab":0,"dc":"source","admin":0,"readonly":0},{"name":"Language","nick":"langua","type":"TEXT","size":0,"find":"BLANK","req":0,"search":0,"hide":0,"vocdb":"","vocab":0,"dc":"langua","admin":0,"readonly":0},{"name":"Item URL","nick":"relati","type":"TEXT","size":0,"find":"BLANK","req":0,"search":0,"hide":0,"vocdb":"","vocab":0,"dc":"relati","admin":0,"readonly":0},{"name":"Coverage","nick":"covera","type":"TEXT","size":0,"find":"m6","req":0,"search":1,"hide":0,"vocdb":"","vocab":1,"dc":"coveraa","admin":0,"readonly":0},{"name":"Restrictions","nick":"rights","type":"TEXT","size":0,"find":"BLANK","req":0,"search":0,"hide":0,"vocdb":"","vocab":0,"dc":"rights","admin":0,"readonly":0},{"name":"Contact and Ordering Information","nick":"contac","type":"TEXT","size":0,"find":"BLANK","req":0,"search":0,"hide":0,"vocdb":"","vocab":0,"dc":"BLANK","admin":0,"readonly":0},{"name":"Notes","nick":"notes","type":"TEXT","size":1,"find":"b1","req":0,"search":1,"hide":0,"vocdb":"","vocab":0,"dc":"descri","admin":0,"readonly":0},{"name":"Cite As","nick":"cite","type":"TEXT","size":0,"find":"BLANK","req":0,"search":0,"hide":0,"vocdb":"","vocab":0,"dc":"BLANK","admin":0,"readonly":0},{"name":"Cataloged by","nick":"catalo","type":"TEXT","size":0,"find":"BLANK","req":0,"search":0,"hide":1,"vocdb":"","vocab":1,"dc":"contri","admin":0,"readonly":0},{"name":"Cataloged date","nick":"catala","type":"DATE","size":0,"find":"f9","req":0,"search":1,"hide":1,"vocdb":"","vocab":0,"dc":"BLANK","admin":0,"readonly":0},{"name":"Image Resolution","nick":"image","type":"TEXT","size":0,"find":"BLANK","req":0,"search":0,"hide":1,"vocdb":"","vocab":0,"dc":"BLANK","admin":0,"readonly":0},{"name":"Image Bit-Depth","nick":"imagea","type":"TEXT","size":0,"find":"BLANK","req":0,"search":0,"hide":1,"vocdb":"","vocab":0,"dc":"BLANK","admin":0,"readonly":0},{"name":"Color Mode","nick":"color","type":"TEXT","size":0,"find":"BLANK","req":0,"search":0,"hide":1,"vocdb":"","vocab":0,"dc":"BLANK","admin":0,"readonly":0},{"name":"Extent","nick":"extent","type":"TEXT","size":0,"find":"BLANK","req":0,"search":0,"hide":1,"vocdb":"","vocab":0,"dc":"BLANK","admin":0,"readonly":0},{"name":"Image Manipulation","nick":"imageb","type":"TEXT","size":0,"find":"BLANK","req":0,"search":0,"hide":0,"vocdb":"","vocab":0,"dc":"BLANK","admin":0,"readonly":0},{"name":"File Size","nick":"file","type":"TEXT","size":0,"find":"BLANK","req":0,"search":0,"hide":1,"vocdb":"","vocab":0,"dc":"BLANK","admin":0,"readonly":0},{"name":"Hardware\/Software","nick":"hardwa","type":"TEXT","size":0,"find":"BLANK","req":0,"search":0,"hide":0,"vocdb":"","vocab":0,"dc":"BLANK","admin":0,"readonly":0},{"name":"Digitized by","nick":"digiti","type":"TEXT","size":0,"find":"BLANK","req":0,"search":0,"hide":0,"vocdb":"","vocab":0,"dc":"contri","admin":0,"readonly":0},{"name":"Digitized Date","nick":"digita","type":"TEXT","size":0,"find":"BLANK","req":0,"search":0,"hide":1,"vocdb":"","vocab":0,"dc":"BLANK","admin":0,"readonly":0},{"name":"Archival file","nick":"fullrs","type":"FULLRES","size":0,"find":"BLANK","req":0,"search":0,"hide":1,"vocab":0,"vocdb":"","dc":"BLANK","admin":1,"readonly":0},{"name":"OCLC number","nick":"dmoclcno","type":"TEXT","size":0,"find":"BLANK","req":0,"search":0,"hide":1,"vocab":0,"vocdb":"","dc":"BLANK","admin":1,"readonly":0},{"name":"Date created","nick":"dmcreated","type":"DATE","size":0,"find":"BLANK","req":1,"search":0,"hide":1,"vocab":0,"vocdb":"","dc":"BLANK","admin":1,"readonly":1},{"name":"Date modified","nick":"dmmodified","type":"DATE","size":0,"find":"BLANK","req":1,"search":0,"hide":1,"vocab":0,"vocdb":"","dc":"BLANK","admin":1,"readonly":1},{"name":"CONTENTdm number","nick":"dmrecord","type":"TEXT","size":0,"find":"BLANK","req":1,"search":0,"hide":1,"vocab":0,"vocdb":"","dc":"BLANK","admin":1,"readonly":1},{"name":"CONTENTdm file name","nick":"find","type":"TEXT","size":0,"find":"BLANK","req":1,"search":0,"hide":1,"vocab":0,"vocdb":"","dc":"BLANK","admin":1,"readonly":1}]