[{"name":"Title","nick":"title","type":"TEXT","size":0,"find":"a0","req":1,"search":1,"hide":0,"vocdb":"","vocab":0,"dc":"title","admin":0,"readonly":0},{"name":"Subject","nick":"subjec","type":"TEXT","size":1,"find":"a5","req":0,"search":1,"hide":0,"vocdb":"","vocab":1,"dc":"subjec","admin":0,"readonly":0},{"name":"Description","nick":"descri","type":"TEXT","size":1,"find":"b0","req":0,"search":1,"hide":0,"vocdb":"","vocab":0,"dc":"descri","admin":0,"readonly":0},{"name":"Author","nick":"creato","type":"TEXT","size":0,"find":"b5","req":0,"search":1,"hide":0,"vocdb":"","vocab":0,"dc":"creato","admin":0,"readonly":0},{"name":"Publisher","nick":"publis","type":"TEXT","size":0,"find":"BLANK","req":0,"search":0,"hide":0,"vocdb":"","vocab":0,"dc":"publis","admin":0,"readonly":0},{"name":"Date","nick":"date","type":"TEXT","size":0,"find":"d0","req":0,"search":1,"hide":0,"vocdb":"","vocab":0,"dc":"date","admin":0,"readonly":0},{"name":"Year of item","nick":"year","type":"TEXT","size":0,"find":"f9","req":0,"search":1,"hide":0,"vocdb":"","vocab":0,"dc":"BLANK","admin":0,"readonly":0},{"name":"Format","nick":"format","type":"TEXT","size":0,"find":"e0","req":0,"search":1,"hide":0,"vocdb":"","vocab":1,"dc":"format","admin":0,"readonly":0},{"name":"Repository","nick":"reposi","type":"TEXT","size":0,"find":"BLANK","req":0,"search":0,"hide":0,"vocdb":"","vocab":0,"dc":"publis","admin":0,"readonly":0},{"name":"Repository Collection Name","nick":"collec","type":"TEXT","size":1,"find":"f0","req":0,"search":1,"hide":0,"vocdb":"","vocab":1,"dc":"source","admin":0,"readonly":0},{"name":"Repository Collection Guide","nick":"reposa","type":"TEXT","size":1,"find":"BLANK","req":0,"search":0,"hide":0,"vocdb":"","vocab":1,"dc":"BLANK","admin":0,"readonly":0},{"name":"Rights","nick":"rights","type":"TEXT","size":0,"find":"BLANK","req":0,"search":0,"hide":0,"vocdb":"","vocab":0,"dc":"rights","admin":0,"readonly":0},{"name":"Digital Collection","nick":"digitb","type":"TEXT","size":0,"find":"g4","req":0,"search":1,"hide":0,"vocdb":"","vocab":0,"dc":"BLANK","admin":0,"readonly":0},{"name":"Language","nick":"langua","type":"TEXT","size":0,"find":"BLANK","req":0,"search":0,"hide":0,"vocdb":"","vocab":1,"dc":"langua","admin":0,"readonly":0},{"name":"Topic(s)","nick":"topics","type":"TEXT","size":1,"find":"a6","req":0,"search":1,"hide":0,"vocdb":"","vocab":0,"dc":"subjec","admin":0,"readonly":0},{"name":"Cite as","nick":"cite","type":"TEXT","size":1,"find":"BLANK","req":0,"search":0,"hide":0,"vocdb":"","vocab":0,"dc":"rights","admin":0,"readonly":0},{"name":"Biographical Note","nick":"notes","type":"TEXT","size":1,"find":"g8","req":0,"search":1,"hide":0,"vocdb":"","vocab":0,"dc":"BLANK","admin":0,"readonly":0},{"name":"Notes","nick":"notesa","type":"TEXT","size":1,"find":"b1","req":0,"search":1,"hide":0,"vocdb":"","vocab":0,"dc":"descri","admin":0,"readonly":0},{"name":"Call Number or Shelving Location","nick":"source","type":"TEXT","size":0,"find":"BLANK","req":0,"search":0,"hide":0,"vocdb":"","vocab":0,"dc":"source","admin":0,"readonly":0},{"name":"Box","nick":"box","type":"TEXT","size":0,"find":"BLANK","req":0,"search":0,"hide":0,"vocdb":"","vocab":0,"dc":"BLANK","admin":0,"readonly":0},{"name":"Folder","nick":"folder","type":"TEXT","size":0,"find":"BLANK","req":0,"search":0,"hide":0,"vocdb":"","vocab":0,"dc":"BLANK","admin":0,"readonly":0},{"name":"Number of pages","nick":"identi","type":"TEXT","size":0,"find":"BLANK","req":0,"search":0,"hide":0,"vocdb":"","vocab":0,"dc":"BLANK","admin":0,"readonly":0},{"name":"Relation","nick":"relati","type":"TEXT","size":0,"find":"BLANK","req":0,"search":0,"hide":1,"vocdb":"","vocab":0,"dc":"relati","admin":0,"readonly":0},{"name":"Finding Aid URL","nick":"findin","type":"TEXT","size":1,"find":"BLANK","req":0,"search":0,"hide":0,"vocdb":"","vocab":0,"dc":"BLANK","admin":0,"readonly":0},{"name":"Submitted to ASERL","nick":"catalo","type":"TEXT","size":0,"find":"BLANK","req":0,"search":0,"hide":1,"vocdb":"","vocab":0,"dc":"BLANK","admin":0,"readonly":0},{"name":"Type","nick":"type","type":"TEXT","size":0,"find":"d5","req":0,"search":1,"hide":1,"vocdb":"","vocab":0,"dc":"type","admin":0,"readonly":0},{"name":"Full text","nick":"full","type":"FTS","size":1,"find":"h3","req":0,"search":1,"hide":1,"vocdb":"","vocab":0,"dc":"BLANK","admin":0,"readonly":0},{"name":"Archival file","nick":"fullrs","type":"FULLRES","size":0,"find":"BLANK","req":0,"search":0,"hide":1,"vocab":0,"vocdb":"","dc":"BLANK","admin":1,"readonly":0},{"name":"OCLC number","nick":"dmoclcno","type":"TEXT","size":0,"find":"BLANK","req":0,"search":0,"hide":1,"vocab":0,"vocdb":"","dc":"BLANK","admin":1,"readonly":0},{"name":"Date created","nick":"dmcreated","type":"DATE","size":0,"find":"BLANK","req":1,"search":0,"hide":1,"vocab":0,"vocdb":"","dc":"BLANK","admin":1,"readonly":1},{"name":"Date modified","nick":"dmmodified","type":"DATE","size":0,"find":"BLANK","req":1,"search":0,"hide":1,"vocab":0,"vocdb":"","dc":"BLANK","admin":1,"readonly":1},{"name":"CONTENTdm number","nick":"dmrecord","type":"TEXT","size":0,"find":"BLANK","req":1,"search":0,"hide":1,"vocab":0,"vocdb":"","dc":"BLANK","admin":1,"readonly":1},{"name":"CONTENTdm file name","nick":"find","type":"TEXT","size":0,"find":"BLANK","req":1,"search":0,"hide":1,"vocab":0,"vocdb":"","dc":"BLANK","admin":1,"readonly":1}]