[{"name":"Title","nick":"title","type":"TEXT","size":0,"find":"a0","req":1,"search":1,"hide":0,"vocdb":"","vocab":0,"dc":"title","admin":0,"readonly":0},{"name":"Author","nick":"creato","type":"TEXT","size":0,"find":"b5","req":0,"search":1,"hide":0,"vocdb":"","vocab":0,"dc":"creato","admin":0,"readonly":0},{"name":"Century","nick":"centur","type":"TEXT","size":0,"find":"d0","req":0,"search":1,"hide":1,"vocdb":"","vocab":0,"dc":"date","admin":0,"readonly":0},{"name":"Date","nick":"date","type":"TEXT","size":0,"find":"d1","req":0,"search":1,"hide":0,"vocdb":"","vocab":0,"dc":"date","admin":0,"readonly":0},{"name":"Origin","nick":"origin","type":"TEXT","size":0,"find":"f0","req":0,"search":1,"hide":0,"vocdb":"","vocab":0,"dc":"source","admin":0,"readonly":0},{"name":"Contents","nick":"conten","type":"TEXT","size":0,"find":"f9","req":0,"search":1,"hide":0,"vocdb":"","vocab":0,"dc":"BLANK","admin":0,"readonly":0},{"name":"Illustration","nick":"illust","type":"TEXT","size":0,"find":"g4","req":0,"search":1,"hide":0,"vocdb":"","vocab":0,"dc":"BLANK","admin":0,"readonly":0},{"name":"Scripts","nick":"script","type":"TEXT","size":0,"find":"g8","req":0,"search":1,"hide":1,"vocdb":"","vocab":0,"dc":"BLANK","admin":0,"readonly":0},{"name":"Scribe\/artists","nick":"scribe","type":"TEXT","size":0,"find":"c5","req":0,"search":1,"hide":1,"vocdb":"","vocab":0,"dc":"contri","admin":0,"readonly":0},{"name":"Current location","nick":"curren","type":"TEXT","size":0,"find":"f1","req":0,"search":1,"hide":0,"vocdb":"","vocab":0,"dc":"source","admin":0,"readonly":0},{"name":"Description","nick":"descri","type":"TEXT","size":1,"find":"b0","req":0,"search":1,"hide":0,"vocdb":"","vocab":0,"dc":"descri","admin":0,"readonly":0},{"name":"Bibliographical references","nick":"biblio","type":"TEXT","size":0,"find":"g9","req":0,"search":1,"hide":0,"vocdb":"","vocab":0,"dc":"BLANK","admin":0,"readonly":0},{"name":"Publications about","nick":"public","type":"TEXT","size":0,"find":"h3","req":0,"search":1,"hide":0,"vocdb":"","vocab":0,"dc":"BLANK","admin":0,"readonly":0},{"name":"Associated names","nick":"associ","type":"TEXT","size":0,"find":"c6","req":0,"search":1,"hide":0,"vocdb":"","vocab":0,"dc":"contri","admin":0,"readonly":0},{"name":"Alternative title(s)","nick":"altern","type":"TEXT","size":0,"find":"a1","req":0,"search":1,"hide":0,"vocdb":"","vocab":0,"dc":"title","admin":0,"readonly":0},{"name":"Language","nick":"langua","type":"TEXT","size":0,"find":"f5","req":0,"search":1,"hide":0,"vocdb":"","vocab":0,"dc":"langua","admin":0,"readonly":0},{"name":"Genres","nick":"genres","type":"TEXT","size":0,"find":"d5","req":0,"search":1,"hide":0,"vocdb":"","vocab":0,"dc":"type","admin":0,"readonly":0},{"name":"Facsimile Publisher","nick":"facsim","type":"TEXT","size":0,"find":"c0","req":0,"search":1,"hide":0,"vocdb":"","vocab":0,"dc":"publis","admin":0,"readonly":0},{"name":"Extent","nick":"extena","type":"TEXT","size":1,"find":"h4","req":0,"search":1,"hide":0,"vocdb":"","vocab":0,"dc":"BLANK","admin":0,"readonly":0},{"name":"Call Number","nick":"call","type":"TEXT","size":0,"find":"h7","req":0,"search":1,"hide":0,"vocdb":"","vocab":0,"dc":"BLANK","admin":0,"readonly":0},{"name":"Contributors","nick":"contri","type":"TEXT","size":0,"find":"c7","req":0,"search":1,"hide":0,"vocdb":"","vocab":1,"dc":"contri","admin":0,"readonly":0},{"name":"Publisher","nick":"publis","type":"TEXT","size":0,"find":"c1","req":0,"search":1,"hide":0,"vocdb":"","vocab":0,"dc":"publis","admin":0,"readonly":0},{"name":"Type","nick":"type","type":"TEXT","size":0,"find":"d6","req":0,"search":1,"hide":1,"vocdb":"","vocab":1,"dc":"type","admin":0,"readonly":0},{"name":"Digital Format","nick":"format","type":"TEXT","size":0,"find":"BLANK","req":0,"search":0,"hide":1,"vocdb":"","vocab":1,"dc":"format","admin":0,"readonly":0},{"name":"Repository","nick":"source","type":"TEXT","size":0,"find":"BLANK","req":0,"search":0,"hide":0,"vocdb":"","vocab":0,"dc":"source","admin":0,"readonly":0},{"name":"Coverage-Spatial","nick":"covera","type":"TEXT","size":0,"find":"g5","req":0,"search":1,"hide":0,"vocdb":"","vocab":0,"dc":"covera","admin":0,"readonly":0},{"name":"Coverage-Temporal","nick":"coverb","type":"TEXT","size":0,"find":"g6","req":0,"search":1,"hide":0,"vocdb":"","vocab":0,"dc":"covera","admin":0,"readonly":0},{"name":"Cataloger","nick":"catlog","type":"TEXT","size":0,"find":"BLANK","req":0,"search":0,"hide":1,"vocdb":"","vocab":0,"dc":"BLANK","admin":0,"readonly":0},{"name":"Cataloged Date","nick":"catalo","type":"TEXT","size":0,"find":"BLANK","req":0,"search":0,"hide":1,"vocdb":"","vocab":0,"dc":"BLANK","admin":0,"readonly":0},{"name":"Object File Name","nick":"object","type":"TEXT","size":0,"find":"h8","req":0,"search":1,"hide":1,"vocdb":"","vocab":0,"dc":"BLANK","admin":0,"readonly":0},{"name":"Viewer Information","nick":"plugin","type":"TEXT","size":0,"find":"BLANK","req":0,"search":0,"hide":0,"vocdb":"","vocab":0,"dc":"BLANK","admin":0,"readonly":0},{"name":"Image Resolution (Archival)","nick":"image","type":"TEXT","size":0,"find":"BLANK","req":0,"search":0,"hide":1,"vocdb":"","vocab":0,"dc":"BLANK","admin":0,"readonly":0},{"name":"Image Bit-Depth (Archival)","nick":"imaga","type":"TEXT","size":0,"find":"BLANK","req":0,"search":0,"hide":1,"vocdb":"","vocab":0,"dc":"BLANK","admin":0,"readonly":0},{"name":"Color Mode (Archival)","nick":"color","type":"TEXT","size":0,"find":"BLANK","req":0,"search":0,"hide":1,"vocdb":"","vocab":0,"dc":"BLANK","admin":0,"readonly":0},{"name":"Extent (Archival)","nick":"extent","type":"TEXT","size":0,"find":"BLANK","req":0,"search":0,"hide":1,"vocdb":"","vocab":0,"dc":"BLANK","admin":0,"readonly":0},{"name":"Image Manipulation (Archival)","nick":"imagb","type":"TEXT","size":0,"find":"BLANK","req":0,"search":0,"hide":1,"vocdb":"","vocab":0,"dc":"BLANK","admin":0,"readonly":0},{"name":"File Size (Archival)","nick":"file","type":"TEXT","size":0,"find":"BLANK","req":0,"search":0,"hide":1,"vocdb":"","vocab":0,"dc":"BLANK","admin":0,"readonly":0},{"name":"Hardware\/Software (Archival)","nick":"hardwa","type":"TEXT","size":0,"find":"BLANK","req":0,"search":0,"hide":1,"vocdb":"","vocab":0,"dc":"BLANK","admin":0,"readonly":0},{"name":"Digitized By","nick":"digiti","type":"TEXT","size":0,"find":"BLANK","req":0,"search":0,"hide":1,"vocdb":"","vocab":0,"dc":"BLANK","admin":0,"readonly":0},{"name":"Digitized Date","nick":"digita","type":"TEXT","size":0,"find":"BLANK","req":0,"search":0,"hide":1,"vocdb":"","vocab":0,"dc":"BLANK","admin":0,"readonly":0},{"name":"Restrictions","nick":"rights","type":"TEXT","size":0,"find":"BLANK","req":0,"search":0,"hide":0,"vocdb":"","vocab":0,"dc":"rights","admin":0,"readonly":0},{"name":"Contact and Ordering Information","nick":"to","type":"TEXT","size":1,"find":"BLANK","req":0,"search":0,"hide":0,"vocdb":"","vocab":0,"dc":"BLANK","admin":0,"readonly":0},{"name":"Item URL","nick":"identi","type":"TEXT","size":0,"find":"BLANK","req":0,"search":0,"hide":0,"vocdb":"","vocab":0,"dc":"identi","admin":0,"readonly":0},{"name":"Collection URL","nick":"collec","type":"TEXT","size":0,"find":"BLANK","req":0,"search":0,"hide":0,"vocdb":"","vocab":0,"dc":"relati","admin":0,"readonly":0},{"name":"Dates","nick":"dates","type":"TEXT","size":0,"find":"d2","req":0,"search":1,"hide":1,"vocdb":"","vocab":0,"dc":"date","admin":0,"readonly":0},{"name":"Full resolution","nick":"fullrs","type":"FULLRES","size":0,"find":"","req":0,"search":0,"hide":1,"vocab":0,"vocdb":"","dc":"","admin":1,"readonly":0},{"name":"OCLC number","nick":"dmoclcno","type":"TEXT","size":0,"find":"","req":0,"search":0,"hide":1,"vocab":0,"vocdb":"","dc":"","admin":1,"readonly":0},{"name":"Date created","nick":"dmcreated","type":"DATE","size":0,"find":"","req":1,"search":0,"hide":1,"vocab":0,"vocdb":"","dc":"","admin":1,"readonly":1},{"name":"Date modified","nick":"dmmodified","type":"DATE","size":0,"find":"","req":1,"search":0,"hide":1,"vocab":0,"vocdb":"","dc":"","admin":1,"readonly":1},{"name":"CONTENTdm number","nick":"dmrecord","type":"TEXT","size":0,"find":"","req":1,"search":0,"hide":1,"vocab":0,"vocdb":"","dc":"","admin":1,"readonly":1},{"name":"CONTENTdm file name","nick":"find","type":"TEXT","size":0,"find":"","req":1,"search":0,"hide":1,"vocab":0,"vocdb":"","dc":"","admin":1,"readonly":1}]