[{"name":"Title","nick":"title","type":"TEXT","size":0,"find":"a0","req":1,"search":1,"hide":0,"vocdb":"","vocab":1,"dc":"title","admin":0,"readonly":0},{"name":"Creator","nick":"creato","type":"TEXT","size":0,"find":"b5","req":0,"search":1,"hide":0,"vocdb":"","vocab":1,"dc":"creato","admin":0,"readonly":0},{"name":"Contributors","nick":"contri","type":"TEXT","size":0,"find":"b6","req":0,"search":1,"hide":0,"vocdb":"","vocab":1,"dc":"creato","admin":0,"readonly":0},{"name":"Date","nick":"date","type":"TEXT","size":0,"find":"BLANK","req":0,"search":0,"hide":0,"vocdb":"","vocab":0,"dc":"date","admin":0,"readonly":0},{"name":"Physical Description","nick":"format","type":"TEXT","size":0,"find":"e0","req":0,"search":1,"hide":0,"vocdb":"","vocab":0,"dc":"format","admin":0,"readonly":0},{"name":"Biographical Information","nick":"biogra","type":"TEXT","size":1,"find":"f9","req":0,"search":1,"hide":0,"vocdb":"","vocab":0,"dc":"BLANK","admin":0,"readonly":0},{"name":"Description","nick":"descri","type":"TEXT","size":1,"find":"b0","req":0,"search":1,"hide":0,"vocdb":"","vocab":0,"dc":"descri","admin":0,"readonly":0},{"name":"Language","nick":"langua","type":"TEXT","size":0,"find":"BLANK","req":0,"search":0,"hide":0,"vocdb":"","vocab":0,"dc":"langua","admin":0,"readonly":0},{"name":"Type","nick":"type","type":"TEXT","size":0,"find":"BLANK","req":0,"search":0,"hide":0,"vocdb":"","vocab":0,"dc":"type","admin":0,"readonly":0},{"name":"Subjects","nick":"subjec","type":"TEXT","size":0,"find":"a5","req":0,"search":1,"hide":0,"vocdb":"","vocab":1,"dc":"subjec","admin":0,"readonly":0},{"name":"Geographic Focus","nick":"covera","type":"TEXT","size":0,"find":"g5","req":0,"search":1,"hide":0,"vocdb":"","vocab":1,"dc":"covera","admin":0,"readonly":0},{"name":"Occupation","nick":"occupa","type":"TEXT","size":0,"find":"g4","req":0,"search":1,"hide":0,"vocdb":"","vocab":1,"dc":"BLANK","admin":0,"readonly":0},{"name":"Digital Collection","nick":"digita","type":"TEXT","size":0,"find":"BLANK","req":0,"search":0,"hide":0,"vocdb":"","vocab":0,"dc":"BLANK","admin":0,"readonly":0},{"name":"Repository","nick":"source","type":"TEXT","size":0,"find":"f0","req":0,"search":1,"hide":0,"vocdb":"","vocab":1,"dc":"source","admin":0,"readonly":0},{"name":"Part Of","nick":"part","type":"TEXT","size":0,"find":"l2","req":0,"search":1,"hide":0,"vocdb":"","vocab":1,"dc":"relatig","admin":0,"readonly":0},{"name":"Repository Collection Guide","nick":"reposi","type":"TEXT","size":0,"find":"BLANK","req":0,"search":0,"hide":0,"vocdb":"","vocab":0,"dc":"BLANK","admin":0,"readonly":0},{"name":"Related Collections","nick":"relati","type":"TEXT","size":0,"find":"g0","req":0,"search":1,"hide":0,"vocdb":"","vocab":1,"dc":"relati","admin":0,"readonly":0},{"name":"Call Number \/ Shelving Location","nick":"call","type":"TEXT","size":0,"find":"g8","req":0,"search":1,"hide":0,"vocdb":"","vocab":1,"dc":"BLANK","admin":0,"readonly":0},{"name":"Cite As","nick":"cite","type":"TEXT","size":0,"find":"g9","req":0,"search":1,"hide":0,"vocdb":"","vocab":1,"dc":"BLANK","admin":0,"readonly":0},{"name":"Restrictions","nick":"rights","type":"TEXT","size":0,"find":"BLANK","req":0,"search":0,"hide":0,"vocdb":"","vocab":0,"dc":"rights","admin":0,"readonly":0},{"name":"Contact and Ordering Information","nick":"contac","type":"TEXT","size":0,"find":"BLANK","req":0,"search":0,"hide":0,"vocdb":"","vocab":0,"dc":"BLANK","admin":0,"readonly":0},{"name":"Item URL","nick":"identi","type":"TEXT","size":0,"find":"BLANK","req":0,"search":0,"hide":0,"vocdb":"","vocab":0,"dc":"identi","admin":0,"readonly":0},{"name":"Collection URL","nick":"collec","type":"TEXT","size":0,"find":"BLANK","req":0,"search":0,"hide":0,"vocdb":"","vocab":0,"dc":"BLANK","admin":0,"readonly":0},{"name":"Publisher","nick":"publis","type":"TEXT","size":0,"find":"BLANK","req":0,"search":0,"hide":0,"vocdb":"","vocab":0,"dc":"publis","admin":0,"readonly":0},{"name":"Audience","nick":"audien","type":"TEXT","size":0,"find":"BLANK","req":0,"search":0,"hide":0,"vocdb":"","vocab":0,"dc":"audien","admin":0,"readonly":0},{"name":"File Name","nick":"file","type":"TEXT","size":0,"find":"h3","req":0,"search":1,"hide":0,"vocdb":"","vocab":0,"dc":"BLANK","admin":0,"readonly":0},{"name":"Archival file","nick":"fullrs","type":"FULLRES","size":0,"find":"BLANK","req":0,"search":0,"hide":1,"vocab":0,"vocdb":"","dc":"BLANK","admin":1,"readonly":0},{"name":"OCLC number","nick":"dmoclcno","type":"TEXT","size":0,"find":"BLANK","req":0,"search":0,"hide":1,"vocab":0,"vocdb":"","dc":"BLANK","admin":1,"readonly":0},{"name":"Date created","nick":"dmcreated","type":"DATE","size":0,"find":"BLANK","req":1,"search":0,"hide":1,"vocab":0,"vocdb":"","dc":"BLANK","admin":1,"readonly":1},{"name":"Date modified","nick":"dmmodified","type":"DATE","size":0,"find":"BLANK","req":1,"search":0,"hide":1,"vocab":0,"vocdb":"","dc":"BLANK","admin":1,"readonly":1},{"name":"CONTENTdm number","nick":"dmrecord","type":"TEXT","size":0,"find":"BLANK","req":1,"search":0,"hide":1,"vocab":0,"vocdb":"","dc":"BLANK","admin":1,"readonly":1},{"name":"CONTENTdm file name","nick":"find","type":"TEXT","size":0,"find":"BLANK","req":1,"search":0,"hide":1,"vocab":0,"vocdb":"","dc":"BLANK","admin":1,"readonly":1}]