[{"name":"Title","nick":"title","type":"TEXT","size":0,"find":"a0","req":1,"search":1,"hide":0,"vocdb":"","vocab":0,"dc":"title","admin":0,"readonly":0},{"name":"Subject","nick":"subjec","type":"TEXT","size":0,"find":"a5","req":0,"search":1,"hide":0,"vocdb":"","vocab":0,"dc":"subjec","admin":0,"readonly":0},{"name":"Description","nick":"descri","type":"TEXT","size":1,"find":"b0","req":0,"search":1,"hide":0,"vocdb":"","vocab":0,"dc":"descri","admin":0,"readonly":0},{"name":"Creator","nick":"creato","type":"TEXT","size":0,"find":"b5","req":0,"search":1,"hide":0,"vocdb":"","vocab":0,"dc":"creato","admin":0,"readonly":0},{"name":"Publisher","nick":"publis","type":"TEXT","size":0,"find":"c0","req":0,"search":1,"hide":0,"vocdb":"","vocab":0,"dc":"publis","admin":0,"readonly":0},{"name":"Contributors","nick":"contri","type":"TEXT","size":0,"find":"c5","req":0,"search":1,"hide":0,"vocdb":"","vocab":0,"dc":"contri","admin":0,"readonly":0},{"name":"Date","nick":"date","type":"DATE","size":0,"find":"d0","req":0,"search":1,"hide":0,"vocdb":"","vocab":0,"dc":"date","admin":0,"readonly":0},{"name":"Type","nick":"type","type":"TEXT","size":0,"find":"d5","req":0,"search":1,"hide":0,"vocdb":"","vocab":0,"dc":"type","admin":0,"readonly":0},{"name":"Format","nick":"format","type":"TEXT","size":0,"find":"e0","req":0,"search":1,"hide":0,"vocdb":"","vocab":0,"dc":"format","admin":0,"readonly":0},{"name":"Identifier","nick":"identi","type":"TEXT","size":0,"find":"e5","req":0,"search":1,"hide":0,"vocdb":"","vocab":0,"dc":"identi","admin":0,"readonly":0},{"name":"Source","nick":"source","type":"TEXT","size":0,"find":"f0","req":0,"search":1,"hide":0,"vocdb":"","vocab":0,"dc":"source","admin":0,"readonly":0},{"name":"Language","nick":"langua","type":"TEXT","size":0,"find":"f5","req":0,"search":1,"hide":0,"vocdb":"","vocab":0,"dc":"langua","admin":0,"readonly":0},{"name":"Relation","nick":"relati","type":"TEXT","size":0,"find":"g0","req":0,"search":1,"hide":0,"vocdb":"","vocab":0,"dc":"relati","admin":0,"readonly":0},{"name":"Coverage","nick":"covera","type":"TEXT","size":0,"find":"g5","req":0,"search":1,"hide":0,"vocdb":"","vocab":0,"dc":"covera","admin":0,"readonly":0},{"name":"Rights","nick":"rights","type":"TEXT","size":0,"find":"h0","req":0,"search":1,"hide":0,"vocdb":"","vocab":0,"dc":"rights","admin":0,"readonly":0},{"name":"Audience","nick":"audien","type":"TEXT","size":0,"find":"h5","req":0,"search":1,"hide":0,"vocdb":"","vocab":0,"dc":"audien","admin":0,"readonly":0},{"name":"Title-Alternative","nick":"titlea","type":"TEXT","size":0,"find":"i0","req":0,"search":1,"hide":0,"vocdb":"","vocab":0,"dc":"titlea","admin":0,"readonly":0},{"name":"Description-Table Of Contents","nick":"descria","type":"TEXT","size":1,"find":"i2","req":0,"search":1,"hide":0,"vocdb":"","vocab":0,"dc":"descria","admin":0,"readonly":0},{"name":"Description-Abstract","nick":"describ","type":"TEXT","size":1,"find":"i4","req":0,"search":1,"hide":0,"vocdb":"","vocab":0,"dc":"describ","admin":0,"readonly":0},{"name":"Date-Created","nick":"datea","type":"DATE","size":0,"find":"i6","req":0,"search":1,"hide":0,"vocdb":"","vocab":0,"dc":"datea","admin":0,"readonly":0},{"name":"Date-Valid","nick":"dateb","type":"DATE","size":0,"find":"i8","req":0,"search":1,"hide":0,"vocdb":"","vocab":0,"dc":"dateb","admin":0,"readonly":0},{"name":"Date-Available","nick":"datec","type":"DATE","size":0,"find":"j0","req":0,"search":1,"hide":0,"vocdb":"","vocab":0,"dc":"datec","admin":0,"readonly":0},{"name":"Date-Issued","nick":"dated","type":"DATE","size":0,"find":"j2","req":0,"search":1,"hide":0,"vocdb":"","vocab":0,"dc":"dated","admin":0,"readonly":0},{"name":"Date-Modified","nick":"datee","type":"DATE","size":0,"find":"j4","req":0,"search":1,"hide":0,"vocdb":"","vocab":0,"dc":"datee","admin":0,"readonly":0},{"name":"Format-Extent","nick":"formata","type":"TEXT","size":0,"find":"j6","req":0,"search":1,"hide":0,"vocdb":"","vocab":0,"dc":"formata","admin":0,"readonly":0},{"name":"Format-Medium","nick":"formatb","type":"TEXT","size":0,"find":"j8","req":0,"search":1,"hide":0,"vocdb":"","vocab":0,"dc":"formatb","admin":0,"readonly":0},{"name":"Relation-Is Version Of","nick":"relatia","type":"TEXT","size":0,"find":"k0","req":0,"search":1,"hide":0,"vocdb":"","vocab":0,"dc":"relatia","admin":0,"readonly":0},{"name":"Relation-Has Version","nick":"relatib","type":"TEXT","size":0,"find":"k2","req":0,"search":1,"hide":0,"vocdb":"","vocab":0,"dc":"relatib","admin":0,"readonly":0},{"name":"Relation-Is Replaced By","nick":"relatic","type":"TEXT","size":0,"find":"k4","req":0,"search":1,"hide":0,"vocdb":"","vocab":0,"dc":"relatic","admin":0,"readonly":0},{"name":"Relation-Replaces","nick":"relatid","type":"TEXT","size":0,"find":"k6","req":0,"search":1,"hide":0,"vocdb":"","vocab":0,"dc":"relatid","admin":0,"readonly":0},{"name":"Relation-Is Required By","nick":"relatie","type":"TEXT","size":0,"find":"k8","req":0,"search":1,"hide":0,"vocdb":"","vocab":0,"dc":"relatie","admin":0,"readonly":0},{"name":"Relation-Requires","nick":"relatif","type":"TEXT","size":0,"find":"l0","req":0,"search":1,"hide":0,"vocdb":"","vocab":0,"dc":"relatif","admin":0,"readonly":0},{"name":"Relation-Is Part Of","nick":"relatig","type":"TEXT","size":0,"find":"l2","req":0,"search":1,"hide":0,"vocdb":"","vocab":0,"dc":"relatig","admin":0,"readonly":0},{"name":"Relation-Has Part","nick":"relatih","type":"TEXT","size":0,"find":"l4","req":0,"search":1,"hide":0,"vocdb":"","vocab":0,"dc":"relatih","admin":0,"readonly":0},{"name":"Relation-Is Referenced By","nick":"relatii","type":"TEXT","size":0,"find":"l6","req":0,"search":1,"hide":0,"vocdb":"","vocab":0,"dc":"relatii","admin":0,"readonly":0},{"name":"Relation-References","nick":"relatij","type":"TEXT","size":0,"find":"l8","req":0,"search":1,"hide":0,"vocdb":"","vocab":0,"dc":"relatij","admin":0,"readonly":0},{"name":"Relation-Is Format Of","nick":"relatik","type":"TEXT","size":0,"find":"m0","req":0,"search":1,"hide":0,"vocdb":"","vocab":0,"dc":"relatik","admin":0,"readonly":0},{"name":"Relation-Has Format Of","nick":"relatil","type":"TEXT","size":0,"find":"m2","req":0,"search":1,"hide":0,"vocdb":"","vocab":0,"dc":"relatil","admin":0,"readonly":0},{"name":"Relation-Conforms To","nick":"relatim","type":"TEXT","size":0,"find":"m4","req":0,"search":1,"hide":0,"vocdb":"","vocab":0,"dc":"relatim","admin":0,"readonly":0},{"name":"Coverage-Spatial","nick":"coveraa","type":"TEXT","size":0,"find":"m6","req":0,"search":1,"hide":0,"vocdb":"","vocab":0,"dc":"coveraa","admin":0,"readonly":0},{"name":"Coverage-Temporal","nick":"coverab","type":"TEXT","size":0,"find":"m8","req":0,"search":1,"hide":0,"vocdb":"","vocab":0,"dc":"coverab","admin":0,"readonly":0},{"name":"Audience-Mediator","nick":"audiena","type":"TEXT","size":0,"find":"f4","req":0,"search":1,"hide":0,"vocdb":"","vocab":0,"dc":"audiena","admin":0,"readonly":0},{"name":"Full-Text","nick":"fullte","type":"FTS","size":1,"find":"f9","req":0,"search":1,"hide":1,"vocdb":"","vocab":0,"dc":"BLANK","admin":0,"readonly":0},{"name":"Contact information","nick":"contac","type":"TEXT","size":0,"find":"BLANK","req":0,"search":0,"hide":0,"vocdb":"","vocab":0,"dc":"source","admin":0,"readonly":0},{"name":"PDI.Application.Current","nick":"pdiapp","type":"TEXT","size":0,"find":"BLANK","req":0,"search":0,"hide":1,"vocdb":"","vocab":0,"dc":"BLANK","admin":0,"readonly":0},{"name":"PDI.ContentDescription.Summary","nick":"pdicon","type":"TEXT","size":0,"find":"i5","req":0,"search":1,"hide":1,"vocdb":"","vocab":0,"dc":"describ","admin":0,"readonly":0},{"name":"PDI.ContentDescription.Version","nick":"pdicoa","type":"TEXT","size":0,"find":"b1","req":0,"search":1,"hide":1,"vocdb":"","vocab":0,"dc":"descri","admin":0,"readonly":0},{"name":"PDI.ContentDescription.TimePeriod","nick":"pdicob","type":"TEXT","size":0,"find":"m9","req":0,"search":1,"hide":1,"vocdb":"","vocab":0,"dc":"coverab","admin":0,"readonly":0},{"name":"PDI.Creator","nick":"pdicre","type":"TEXT","size":0,"find":"b6","req":0,"search":1,"hide":1,"vocdb":"","vocab":0,"dc":"creato","admin":0,"readonly":0},{"name":"PDI.Creator.Personal","nick":"pdicra","type":"TEXT","size":0,"find":"b7","req":0,"search":1,"hide":1,"vocdb":"","vocab":0,"dc":"creato","admin":0,"readonly":0},{"name":"PDI.Creator.Corporate","nick":"pdicrb","type":"TEXT","size":0,"find":"b8","req":0,"search":1,"hide":1,"vocdb":"","vocab":0,"dc":"creato","admin":0,"readonly":0},{"name":"PDI.Creator.Conference","nick":"pdicrc","type":"TEXT","size":0,"find":"c2","req":0,"search":1,"hide":1,"vocdb":"","vocab":0,"dc":"creato","admin":0,"readonly":0},{"name":"PDI.DARecordLanguage","nick":"pdidar","type":"TEXT","size":0,"find":"BLANK","req":0,"search":0,"hide":1,"vocdb":"","vocab":0,"dc":"BLANK","admin":0,"readonly":0},{"name":"PDI.Date","nick":"pdidat","type":"DATE","size":0,"find":"d1","req":0,"search":1,"hide":0,"vocdb":"","vocab":0,"dc":"date","admin":0,"readonly":0},{"name":"PDI.Date.Created","nick":"pdidaa","type":"DATE","size":0,"find":"i7","req":0,"search":1,"hide":1,"vocdb":"","vocab":0,"dc":"datea","admin":0,"readonly":0},{"name":"PDI.Date.Valid","nick":"pdidab","type":"DATE","size":0,"find":"i9","req":0,"search":1,"hide":1,"vocdb":"","vocab":0,"dc":"dateb","admin":0,"readonly":0},{"name":"PDI.Date.Issued","nick":"pdidac","type":"DATE","size":0,"find":"j3","req":0,"search":1,"hide":1,"vocdb":"","vocab":0,"dc":"dated","admin":0,"readonly":0},{"name":"PDI.Date.Modified","nick":"pdidad","type":"DATE","size":0,"find":"j5","req":0,"search":1,"hide":1,"vocdb":"","vocab":0,"dc":"datee","admin":0,"readonly":0},{"name":"PDI.Date.Available","nick":"pdidae","type":"DATE","size":0,"find":"j1","req":0,"search":1,"hide":1,"vocdb":"","vocab":0,"dc":"datec","admin":0,"readonly":0},{"name":"PDI.EncodingStandard","nick":"pdienc","type":"TEXT","size":0,"find":"BLANK","req":0,"search":0,"hide":1,"vocdb":"","vocab":0,"dc":"format","admin":0,"readonly":0},{"name":"PDI.Event","nick":"pdieve","type":"TEXT","size":0,"find":"BLANK","req":0,"search":0,"hide":1,"vocdb":"","vocab":0,"dc":"BLANK","admin":0,"readonly":0},{"name":"PDI.FunctionalityChanges","nick":"pdifun","type":"TEXT","size":0,"find":"BLANK","req":0,"search":0,"hide":1,"vocdb":"","vocab":0,"dc":"BLANK","admin":0,"readonly":0},{"name":"PDI.FunctionalityInArchive","nick":"pdifua","type":"TEXT","size":0,"find":"BLANK","req":0,"search":0,"hide":1,"vocdb":"","vocab":0,"dc":"BLANK","admin":0,"readonly":0},{"name":"PDI.Language","nick":"pdilan","type":"TEXT","size":0,"find":"BLANK","req":0,"search":0,"hide":1,"vocdb":"","vocab":0,"dc":"langua","admin":0,"readonly":0},{"name":"PDI.LocalNote","nick":"pdiloc","type":"TEXT","size":0,"find":"BLANK","req":0,"search":0,"hide":1,"vocdb":"","vocab":0,"dc":"BLANK","admin":0,"readonly":0},{"name":"PDI.ObjectID","nick":"pdiobj","type":"TEXT","size":0,"find":"e6","req":0,"search":1,"hide":1,"vocdb":"","vocab":0,"dc":"identi","admin":0,"readonly":0},{"name":"PDI.ObjectLocator.Original","nick":"pdioba","type":"TEXT","size":0,"find":"BLANK","req":0,"search":0,"hide":1,"vocdb":"","vocab":0,"dc":"source","admin":0,"readonly":0},{"name":"PDI.ObjectLocator.LocalArchive","nick":"pdiobb","type":"TEXT","size":0,"find":"BLANK","req":0,"search":0,"hide":1,"vocdb":"","vocab":0,"dc":"source","admin":0,"readonly":0},{"name":"PDI.ObjectType","nick":"pdiobc","type":"TEXT","size":0,"find":"BLANK","req":0,"search":0,"hide":1,"vocdb":"","vocab":0,"dc":"BLANK","admin":0,"readonly":0},{"name":"PDI.OriginalFunctionality","nick":"pdiori","type":"TEXT","size":0,"find":"BLANK","req":0,"search":0,"hide":1,"vocdb":"","vocab":0,"dc":"BLANK","admin":0,"readonly":0},{"name":"PDI.OtherIdentifier.InstitutionID","nick":"pdioth","type":"TEXT","size":0,"find":"BLANK","req":0,"search":0,"hide":1,"vocdb":"","vocab":0,"dc":"identi","admin":0,"readonly":0},{"name":"PDI.OtherIdentifier.MetadataIdentifier","nick":"pdiota","type":"TEXT","size":0,"find":"BLANK","req":0,"search":0,"hide":1,"vocdb":"","vocab":0,"dc":"identi","admin":0,"readonly":0},{"name":"PDI.Publisher","nick":"pdipub","type":"TEXT","size":0,"find":"c1","req":0,"search":1,"hide":1,"vocdb":"","vocab":0,"dc":"publis","admin":0,"readonly":0},{"name":"PDI.Relation","nick":"pdirel","type":"TEXT","size":0,"find":"BLANK","req":0,"search":0,"hide":1,"vocdb":"","vocab":0,"dc":"relati","admin":0,"readonly":0},{"name":"PDI.Relation.IsVersionOf","nick":"pdirea","type":"TEXT","size":0,"find":"BLANK","req":0,"search":0,"hide":1,"vocdb":"","vocab":0,"dc":"relatia","admin":0,"readonly":0},{"name":"PDI.Relation.HasVersion","nick":"pdireb","type":"TEXT","size":0,"find":"BLANK","req":0,"search":0,"hide":1,"vocdb":"","vocab":0,"dc":"relatib","admin":0,"readonly":0},{"name":"PDI.Relation.IsRequiredBy","nick":"pdirec","type":"TEXT","size":0,"find":"BLANK","req":0,"search":0,"hide":1,"vocdb":"","vocab":0,"dc":"relatie","admin":0,"readonly":0},{"name":"PDI.Relation.IsPartOf","nick":"pdired","type":"TEXT","size":0,"find":"BLANK","req":0,"search":0,"hide":1,"vocdb":"","vocab":0,"dc":"relatig","admin":0,"readonly":0},{"name":"PDI.Relation.HasPart","nick":"pdiree","type":"TEXT","size":0,"find":"BLANK","req":0,"search":0,"hide":1,"vocdb":"","vocab":0,"dc":"relatih","admin":0,"readonly":0},{"name":"PDI.Relation.IsReferencedBy","nick":"pdiref","type":"TEXT","size":0,"find":"BLANK","req":0,"search":0,"hide":1,"vocdb":"","vocab":0,"dc":"relatii","admin":0,"readonly":0},{"name":"PDI.Relation.References","nick":"pdireg","type":"TEXT","size":0,"find":"BLANK","req":0,"search":0,"hide":1,"vocdb":"","vocab":0,"dc":"relatij","admin":0,"readonly":0},{"name":"PDI.Relation.IsFormatOf","nick":"pdireh","type":"TEXT","size":0,"find":"BLANK","req":0,"search":0,"hide":1,"vocdb":"","vocab":0,"dc":"relatik","admin":0,"readonly":0},{"name":"PDI.Relation.HasFormat","nick":"pdirei","type":"TEXT","size":0,"find":"BLANK","req":0,"search":0,"hide":1,"vocdb":"","vocab":0,"dc":"relatil","admin":0,"readonly":0},{"name":"PDI.Title","nick":"pditit","type":"TEXT","size":0,"find":"a1","req":0,"search":1,"hide":0,"vocdb":"","vocab":0,"dc":"title","admin":0,"readonly":0},{"name":"PDI.Title.Alternative","nick":"pditia","type":"TEXT","size":0,"find":"i1","req":0,"search":1,"hide":1,"vocdb":"","vocab":0,"dc":"titlea","admin":0,"readonly":0},{"name":"Full resolution","nick":"fullrs","type":"FULLRES","size":0,"find":"","req":0,"search":0,"hide":1,"vocab":0,"vocdb":"","dc":"","admin":1,"readonly":0},{"name":"OCLC number","nick":"dmoclcno","type":"TEXT","size":0,"find":"","req":0,"search":0,"hide":1,"vocab":0,"vocdb":"","dc":"","admin":1,"readonly":0},{"name":"Date created","nick":"dmcreated","type":"DATE","size":0,"find":"","req":1,"search":0,"hide":1,"vocab":0,"vocdb":"","dc":"","admin":1,"readonly":1},{"name":"Date modified","nick":"dmmodified","type":"DATE","size":0,"find":"","req":1,"search":0,"hide":1,"vocab":0,"vocdb":"","dc":"","admin":1,"readonly":1},{"name":"CONTENTdm number","nick":"dmrecord","type":"TEXT","size":0,"find":"","req":1,"search":0,"hide":1,"vocab":0,"vocdb":"","dc":"","admin":1,"readonly":1},{"name":"CONTENTdm file name","nick":"find","type":"TEXT","size":0,"find":"","req":1,"search":0,"hide":1,"vocab":0,"vocdb":"","dc":"","admin":1,"readonly":1}]