[{"name":"Title","nick":"title","type":"TEXT","size":1,"find":"a0","req":1,"search":1,"hide":0,"vocdb":"","vocab":0,"dc":"title","admin":0,"readonly":0},{"name":"Photographer","nick":"creato","type":"TEXT","size":0,"find":"b5","req":0,"search":1,"hide":0,"vocdb":"","vocab":1,"dc":"creato","admin":0,"readonly":0},{"name":"Date","nick":"date","type":"TEXT","size":0,"find":"d0","req":0,"search":1,"hide":0,"vocdb":"","vocab":0,"dc":"date","admin":0,"readonly":0},{"name":"Compound","nick":"publis","type":"TEXT","size":0,"find":"f9","req":0,"search":1,"hide":1,"vocdb":"","vocab":0,"dc":"BLANK","admin":0,"readonly":0},{"name":"Subjects","nick":"subjec","type":"TEXT","size":1,"find":"a5","req":0,"search":1,"hide":0,"vocdb":"","vocab":1,"dc":"subjec","admin":0,"readonly":0},{"name":"Notes","nick":"descri","type":"TEXT","size":1,"find":"b0","req":0,"search":1,"hide":0,"vocdb":"","vocab":0,"dc":"descri","admin":0,"readonly":0},{"name":"Original Format\/Size","nick":"relati","type":"TEXT","size":0,"find":"BLANK","req":0,"search":0,"hide":0,"vocdb":"","vocab":1,"dc":"format","admin":0,"readonly":0},{"name":"Digital Format","nick":"type","type":"TEXT","size":0,"find":"BLANK","req":0,"search":0,"hide":1,"vocdb":"","vocab":0,"dc":"type","admin":0,"readonly":0},{"name":"Repository","nick":"langua","type":"TEXT","size":0,"find":"BLANK","req":0,"search":0,"hide":0,"vocdb":"","vocab":0,"dc":"source","admin":0,"readonly":0},{"name":"Transcript","nick":"transc","type":"FTS","size":1,"find":"b1","req":0,"search":1,"hide":0,"vocdb":"","vocab":0,"dc":"descri","admin":0,"readonly":0},{"name":"Index Number","nick":"identi","type":"TEXT","size":0,"find":"e5","req":0,"search":1,"hide":1,"vocdb":"","vocab":0,"dc":"identi","admin":0,"readonly":0},{"name":"Collection Name","nick":"contri","type":"TEXT","size":1,"find":"g0","req":0,"search":1,"hide":0,"vocdb":"","vocab":1,"dc":"relati","admin":0,"readonly":0},{"name":"Collection Source","nick":"source","type":"TEXT","size":0,"find":"g4","req":0,"search":1,"hide":1,"vocdb":"","vocab":0,"dc":"BLANK","admin":0,"readonly":0},{"name":"Restrictions","nick":"rights","type":"TEXT","size":1,"find":"BLANK","req":0,"search":0,"hide":0,"vocdb":"","vocab":0,"dc":"rights","admin":0,"readonly":0},{"name":"Cite As","nick":"cite","type":"TEXT","size":1,"find":"BLANK","req":0,"search":0,"hide":0,"vocdb":"","vocab":0,"dc":"descri","admin":0,"readonly":0},{"name":"To Order","nick":"to","type":"TEXT","size":0,"find":"BLANK","req":0,"search":0,"hide":0,"vocdb":"","vocab":0,"dc":"BLANK","admin":0,"readonly":0},{"name":"Contact Info","nick":"contac","type":"TEXT","size":0,"find":"BLANK","req":0,"search":0,"hide":0,"vocdb":"","vocab":0,"dc":"BLANK","admin":0,"readonly":0},{"name":"Item URL","nick":"identa","type":"TEXT","size":0,"find":"BLANK","req":0,"search":0,"hide":0,"vocdb":"","vocab":0,"dc":"identi","admin":0,"readonly":0},{"name":"Collection URL","nick":"collec","type":"TEXT","size":0,"find":"BLANK","req":0,"search":0,"hide":0,"vocdb":"","vocab":0,"dc":"relati","admin":0,"readonly":0},{"name":"Type","nick":"typea","type":"TEXT","size":0,"find":"d5","req":0,"search":1,"hide":1,"vocdb":"","vocab":0,"dc":"type","admin":0,"readonly":0},{"name":"General Type","nick":"genera","type":"TEXT","size":0,"find":"d6","req":0,"search":1,"hide":1,"vocdb":"","vocab":0,"dc":"type","admin":0,"readonly":0},{"name":"Full resolution","nick":"fullrs","type":"FULLRES","size":0,"find":"","req":0,"search":0,"hide":1,"vocab":0,"vocdb":"","dc":"","admin":1,"readonly":0},{"name":"OCLC number","nick":"dmoclcno","type":"TEXT","size":0,"find":"","req":0,"search":0,"hide":1,"vocab":0,"vocdb":"","dc":"","admin":1,"readonly":0},{"name":"Date created","nick":"dmcreated","type":"DATE","size":0,"find":"","req":1,"search":0,"hide":1,"vocab":0,"vocdb":"","dc":"","admin":1,"readonly":1},{"name":"Date modified","nick":"dmmodified","type":"DATE","size":0,"find":"","req":1,"search":0,"hide":1,"vocab":0,"vocdb":"","dc":"","admin":1,"readonly":1},{"name":"CONTENTdm number","nick":"dmrecord","type":"TEXT","size":0,"find":"","req":1,"search":0,"hide":1,"vocab":0,"vocdb":"","dc":"","admin":1,"readonly":1},{"name":"CONTENTdm file name","nick":"find","type":"TEXT","size":0,"find":"","req":1,"search":0,"hide":1,"vocab":0,"vocdb":"","dc":"","admin":1,"readonly":1}]